"id,""all_sources"""
"206,""[""""sberbank_statistika_partner_onlayn""""]"""
"209,""[""""self_and_my_reclame"""", """"analitic_likvid_grades_active"""", """"ticket_object"""", """"objects_add_features_more""""]"""
"212,""[""""site_views_new"""", """"objects_address"""", """"uplexr_premium_applied"""", """"count_prof_photos"""", """"core_base""""]"""
"213,""[""""bi_all_requests_new""""]"""
"219,""[""""newhouses_deals""""]"""
"220,""[""""asterisk_anikin_new""""]"""
"226,""[""""analitic_active_actions"""", """"change_quality_desc"""", """"change_notes_chas_prozvona"""", """"object_type_count"""", """"flats_cottages_offices"""", """"analitic_price"""", """"users"""", """"date_photo_ticket"""", """"objects_address"""", """"newhouses"""", """"series"""", """"ticket_object"""", """"active_objects_photos_source"""", """"last_user_upload_photos"""", """"comment_object"""", """"count_main_photo"""", """"objects_add_features"""", """"last_date_change_hot_objects"""", """"last_upload_photos_staff"""", """"count_3d_tours"""", """"count_prof_photos"""", """"main_photo_type"""", """"cottages"""", """"flats"""", """"walls"""", """"objects_add_features_more"""", """"object_predictions_ext"""", """"change_objects_logs_banner""""]"""
"228,""[""""hr_users"""", """"google_synchronization""""]"""
"230,""[""""sk_time_to_staff""""]"""
"232,""[""""ost_ticket_all"""", """"ost_ticket_types"""", """"users"""", """"cities"""", """"ost_ticket_contract"""", """"hr_users"""", """"hr_users_additional_field"""", """"crm_ticket_id"""", """"bi_managers"""", """"count_users_by_city"""", """"group_by_comment_ticket"""", """"old_ticket_type_distinct"""", """"exist_clients"""", """"count_user_group_everyday"""", """"group_ries_manager_stats_days"""", """"count_users_stazh_all_city"""", """"count_users_by_city_slice2_all"""", """"documents_uploader"""", """"count_user_in_rop"""", """"ost_field_values"""", """"users_slice_new""""]"""
"233,""[""""count_users_by_city_slice2_all"""", """"payments"""", """"payments_temp"""", """"hr_users"""", """"ticket_deals_ries"""", """"payments_cat"""", """"payment_managers"""", """"managers_motivation_cache_month"""", """"cities"""", """"stipendiya_new"""", """"e_offices_group""""]"""
"235,""[""""bi_managers"""", """"ticket_foto_final"""", """"analitic_price"""", """"last_user_upload_photos"""", """"group_by_comment_ticket"""", """"objects_address"""", """"hr_users"""", """"change_objects_logs_video""""]"""
"236,""[""""statistic_call_asterisk_group_project""""]"""
"238,""[""""podborka_objects_new"""", """"objects"""", """"flats"""", """"cottages"""", """"offices"""", """"districts"""", """"cities"""", """"users"""", """"objects_add_features"""", """"analitic_price"""", """"reiting_result""""]"""
"240,""[""""bi_expose_flats_objects"""", """"min_date_likvid_object"""", """"exist_objects"""", """"bi_likvid_summ_objects"""", """"analitic_price"""", """"analitic_likvid_new"""", """"first_price_object"""", """"flats_cottages_offices""""]"""
"242,""[""""ticket_all_finall"""", """"object_all_final"""", """"crm_ticket_id"""", """"ost_ticket_additional_fields"""", """"welcome_letters_log"""", """"exist_clients"""", """"deposit_ticket_all"""", """"last_date_deposit"""", """"client_lk_date"""", """"login_lk"""", """"ost_ticket_note_date_free"""", """"hr_users_additional_field"""", """"vacation_logs""""]"""
"243,""[""""ost_ticket_all"""", """"cities"""", """"ost_ticket_types"""", """"users"""", """"reason_closed_ticket""""]"""
"244,""[""""ost_ticket_all"""", """"cities"""", """"ost_ticket_types"""", """"users"""", """"reason_closed_ticket""""]"""
"245,""[""""deals_sease_new_payment""""]"""
"246,""[""""ost_ticket_all"""", """"users"""", """"ost_ticket_types"""", """"ost_field_values"""", """"cities"""", """"group_by_comment_ticket"""", """"e_offices""""]"""
"247,""[""""ost_saved_objects"""", """"reservation"""", """"bi_managers"""", """"users"""", """"count_user_group_everyday"""", """"group_ries_manager_stats_days"""", """"count_user_in_rop""""]"""
"248,""[""""sms_log"""", """"operators_pull"""", """"user_sms""""]"""
"251,""[""""e_offices"""", """"payments_groups"""", """"departments"""", """"cities""""]"""
"252,""[""""newhouses_report"""", """"folder_ticket_deal_newhouses"""", """"hr_users"""", """"date_reservation_deal"""", """"ost_contract_commission"""", """"ost_deals_types"""", """"information_list""""]"""
"253,""[""""raskleyka_ticket"""", """"group_by_comment_ticket""""]"""
"254,""[""""ost_ticket_all"""", """"hr_users"""", """"pe_pes"""", """"pe_pes_edit_be_type_id_log""""]"""
"255,""[""""payments_groups_user"""", """"departments"""", """"cities"""", """"hr_users""""]"""
"256,""[""""e_offices"""", """"dr_deals_payments"""", """"hr_users"""", """"ost_deals_new"""", """"exist_objects"""", """"newcottages"""", """"closed_month_deal""""]"""
"257,""[""""ch_converse_deposit"""", """"ch_users_slice_new"""", """"ch_hr_users"""", """"ch_managers_exclusion"""", """"ch_count_users_by_city_slice2_all"""", """"ch_count_users_stazh_all_city"""", """"ch_slice_count_users_stazh_all_city"""", """"ch_count_user_in_rop"""", """"ch_ries_manager_stats_days"""", """"ch_users"""", """"ch_ost_deals_data"""", """"ch_ost_ticket"""", """"ch_ost_contract_data"""", """"ch_ost_contract_requests"""", """"ch_conv_deal_deposit_and_buy"""", """"ch_mortgage_actions"""", """"ch_ost_programms"""", """"ch_i_programs"""", """"ch_i_bank_prog""""]"""
"258,""[""""ost_contract_commission_new"""", """"sostav_dogovor"""", """"hr_users"""", """"commod_dogovor"""", """"count_user_yur_sopr"""", """"e_offices"""", """"date_confirm_ticket_dog"""", """"time_hour_ready_sostav_dogovor"""", """"comment_ticket_responcible"""", """"online_contracts_group_by_ticket""""]"""
"259,""[""""deals_buy_sell"""", """"users"""", """"ost_deals_agencies_new"""", """"mortgage_deal_ticket"""", """"count_user_group_everyday"""", """"group_ries_manager_stats_days"""", """"count_user_in_rop""""]"""
"260,""[""""ost_deals_agencies_new"""", """"users"""", """"ost_contract_commission""""]"""
"261,""[""""ticket_audit_last_name"""", """"ost_contract_data_audit"""", """"ost_ticket_all"""", """"users"""", """"status_eal_ticket_dog""""]"""
"262,""[""""salary"""", """"currencies"""", """"hr_users"""", """"hr_users_additional_field"""", """"users_slice_union""""]"""
"263,""[""""besopas_raschet_new_final"""", """"users"""", """"secure_payments"""", """"objects_address""""]"""
"264,""[""""currencies"""", """"dr_deals_commissions_final"""", """"count_user_in_rop"""", """"ost_deals_types"""", """"deal_ticket_audit_264"""", """"closed_month_deal"""", """"cities_related"""", """"analitic_likvid_new"""", """"i_banks"""", """"group_ries_manager_stats_days"""", """"ost_ticket_types"""", """"hr_users_additional_field"""", """"vacation_logs""""]"""
"268,""[""""ost_ticket_regional_confirms"""", """"ost_ticket"""", """"cities"""", """"hr_users"""", """"ost_ticket_types"""", """"exist_clients"""", """"objects"""", """"city_object_change_ticket"""", """"ost_ticket_all"""", """"group_by_comment_staff"""", """"date_photo_ticket"""", """"object_type_count"""", """"flats_cottages_offices"""", """"interregional_user_catalog"""", """"deals_deal_stages"""", """"deals_stages"""", """"count_prof_photos"""", """"ticket_care"""", """"reason_closed_ticket""""]"""
"269,""[""""commission_new"""", """"ost_contract_commission_payments_new_all"""", """"payments_new"""", """"deal_region_ticket"""", """"ost_deals_new"""", """"closed_month_deal""""]"""
"270,""[""""rent_online_contracts"""", """"dr_leases_salary"""", """"users""""]"""
"271,""[""""bg_new"""", """"procent_zapolneniya_bg_srez_category"""", """"count_flats_bg""""]"""
"272,""[""""count_deal_type"""", """"sum_deal_type"""", """"correction_group""""]"""
"273,""[""""conversion_slice1""""]"""
"274,""[""""objects_convertion_slice"""", """"objects_convertion"""", """"users"""", """"ticket_object""""]"""
"276,""[""""count_users_by_city"""", """"all_supply_a"""", """"analitic_likvid_grades_reports"""", """"bi_managers"""", """"object_status_active"""", """"flats_cottages_offices"""", """"newhouses"""", """"series"""", """"users"""", """"objects_address"""", """"walls"""", """"newcomplex"""", """"count_user_group_everyday"""", """"group_ries_manager_stats_days"""", """"count_user_in_rop"""", """"objects_add_features_more"""", """"e_offices_group"""", """"ticket_object""""]"""
"277,""[""""kanban_rielt_hr_data_final"""", """"kanban_rielt_hr_data_2""""]"""
"278,""[""""count_user_stazh_in_city"""", """"deals_new"""", """"traffic_lights"""", """"indicators_for_the_connission_widget_cit"""", """"indicators_for_the_comission_widget_mana"""", """"last_date_deposit"""", """"users_slice_new"""", """"object_status_active""""]"""
"285,""[""""manager_rops"""", """"count_user_for_manager_stazh_new"""", """"count_user_stazh_in_city"""", """"mortgage_action_final"""", """"potreb_ticket"""", """"i_tickets_clients_needs"""", """"all_i_tickets_clients_needs"""", """"group_by_comment_ticket"""", """"count_rieltor_of_manager"""", """"bi_managers"""", """"count_user_group_everyday"""", """"group_ries_manager_stats_days"""", """"count_user_in_rop"""", """"count_users_stazh_all_city"""", """"mortgage_action_approved"""", """"mortgage_action_deal"""", """"mortgage_collection_doc"""", """"first_staff_ticket"""", """"contract_online_mortgage"""", """"mortgage_helper"""", """"control_date_mortgage_action"""", """"mortgage_create_statements"""", """"count_users_by_city_slice2_all"""", """"users_slice_new""""]"""
"286,""[""""i_ticket_work""""]"""
"287,""[""""banks_comments"""", """"ost_programs_status_history"""", """"e_offices"""", """"cities"""", """"count_user_stazh_in_city"""", """"mortgage_programs"""", """"bank_programs_refuse_reasons"""", """"ost_programs_salary_bank"""", """"sberbank_mortgage_tickets"""", """"integrator_requests"""", """"ticket_send_intergation""""]"""
"288,""[""""i_ratings""""]"""
"289,""[""""ost_ticket_all"""", """"users"""", """"ost_field_values""""]"""
"290,""[""""ost_ticket_tinkoff""""]"""
"291,""[""""sberbank_mortgage_tickets""""]"""
"293,""[""""i_programs_newhouses""""]"""
"294,""[""""ost_ticket_all"""", """"ost_ticket_types"""", """"users"""", """"cities"""", """"bi_managers""""]"""
"299,""[""""i_ticket_work_res"""", """"i_ticket_work_res_created_action"""", """"i_ticket_work_res_online_action_to_call"""", """"i_ticket_work_res_created_to_action_onli"""", """"i_ticket_work_res_created_action_new"""", """"i_ticket_work_res_created_action_kons"""", """"i_ticket_work_ankets_to_banks"""", """"i_ticket_work_online_ankets_to_banks"""", """"check_passport_anketa_online"""", """"last_notification""""]"""
"300,""[""""mortgage_for_time_prepare_final""""]"""
"301,""[""""mortgage_work_speed""""]"""
"302,""[""""manager_rops"""", """"bi_managers"""", """"users_login_union"""", """"hr_users_additional_field"""", """"e_offices_group"""", """"count_users_by_city_slice2_all"""", """"avg_login_date_ries"""", """"group_ries_manager_stats_days""""]"""
"303,""[""""cnt_users_of_experience"""", """"rieltors_count_group"""", """"count_deposit_an_deals"""", """"cont_deals"""", """"hr_users"""", """"hr_users_additional_field"""", """"count_user_group_everyday"""", """"count_user_in_rop"""", """"srez_konsul"""", """"users_slice_new"""", """"motivation_managers_month_plans""""]"""
"305,""[""""statistic_call_asterisk"""", """"live_talk_answer_dialog_116"""", """"pereadresa_ries"""", """"count_users_by_city"""", """"bi_managers"""", """"asterisk_blacklist"""", """"count_user_group_everyday""""]"""
"307,""[""""deals_buy_mortgage_final"""", """"zp_buyer"""", """"ost_ticket_all"""", """"users"""", """"bi_managers"""", """"ticket_insurance_rielto_ticket"""", """"objects_add_features_more"""", """"flats_cottages_offices"""", """"count_users_by_city_slice2_all""""]"""
"316,""[""""kanban_admin_hr_closed_status_new""""]"""
"317,""[""""rielt_hr_tasks_new"""", """"positions_and_departments"""", """"acm_sobes_date_end"""", """"asm_count_rec_subtasks""""]"""
"328,""[""""for_lease_recall_all""""]"""
"329,""[""""ticket_prozvon_all_final""""]"""
"331,""[""""ost_ticket_all"""", """"ost_ticket_types"""", """"users"""", """"objects"""", """"cities"""", """"ost_field_values"""", """"deleted_reasons_objects"""", """"group_by_comment_ticket""""]"""
"332,""[""""prozvon_csi_franch""""]"""
"333,""[""""ticket_analiz""""]"""
"334,""[""""bi_all_requests_new""""]"""
"335,""[""""incoming_descripption_google"""", """"call_forwarding"""", """"bi_all_requests_new""""]"""
"336,""[""""view_newhouses""""]"""
"337,""[""""deleted_reasons_objects"""", """"prozvon_prodavca_11_den_fransh""""]"""
"338,""[""""penalt_objects"""", """"bi_objects"""", """"hr_users"""", """"penalty_objects_subquery"""", """"cities"""", """"layout_photo_source""""]"""
"345,""[""""photo_baza_goroda""""]"""
"347,""[""""count_object_ctive_rieltor""""]"""
"349,""[""""hr_advice""""]"""
"358,""[""""i_desl_month"""", """"hr_users""""]"""
"359,""[""""ticket_legal_support"""", """"extracts"""", """"space_extracts""""]"""
"360,""[""""ticket_ur_sopr"""", """"ost_contract_members""""]"""
"361,""[""""deleted_reasons_objects"""", """"manager_change_deposit"""", """"prozvon_11_den_filial""""]"""
"362,""[""""objects"""", """"prozvon_csi""""]"""
"363,""[""""prozvon_csi""""]"""
"367,""[""""rung_ticket_2_day"""", """"count_podbor_ticket_all"""", """"count_pokaz_ticket_all"""", """"meet_ticket"""", """"ost_purchaser""""]"""
"368,""[""""analitic_price"""", """"rops_to_managers"""", """"deleted_object"""", """"users"""", """"active_objects_photos_source"""", """"reason_delete_prozvon"""", """"layout_deleted_object"""", """"objects_add_features"""", """"objects_add_features_more""""]"""
"371,""[""""user_balanse_srez_new_from_type"""", """"users""""]"""
"372,""[""""ticket_audit_last_name_and_dog""""]"""
"373,""[""""traffic_lights"""", """"hr_users"""", """"all_salary_user"""", """"users_last_day_month"""", """"all_salary_user_month_zp"""", """"hr_users_additional_field""""]"""
"374,""[""""vacation_logs"""", """"ost_ticket_all"""", """"traffic_lights"""", """"users_log"""", """"hr_users"""", """"hr_users_additional_field"""", """"first_deposit_date_rieltor"""", """"count_mortgage_group_users"""", """"first_ticket_date_rieltor"""", """"users_covid_certificates"""", """"first_deal_bron_rieltor"""", """"managers_exclusion"""", """"manager_diary"""", """"users_log_change_manager"""", """"motivations_users"""", """"space_hr_route_candidate"""", """"space_hr_hiring_tickets"""", """"space_hr_demands"""", """"space_positions"""", """"space_departments"""", """"space_candidate_ticket_stage"""", """"space_candidates"""", """"space_e_offices"""", """"space_addresses_data"""", """"space_cities"""", """"spase_logs_demands"""", """"space_attraction_sources""""]"""
"375,""[""""bi_managers"""", """"analitic_likvid_grades_active_new"""", """"object_type_count"""", """"hr_users"""", """"count_pokaz_object"""", """"zatraty_po_object"""", """"objects"""", """"count_prof_photos"""", """"analitic_price_estimate"""", """"objects_address"""", """"count_user_in_rop""""]"""
"376,""[""""hewhouse_audit"""", """"newhouses"""", """"sync_newhouses_object"""", """"count_sprites"""", """"count_yesterday_and_today"""", """"newhouses_fasads"""", """"count_newcomplexes_coords""""]"""
"378,""[""""manager_rops"""", """"paper_sites_summ_2017"""", """"all_obj"""", """"users"""", """"object_status_active"""", """"count_object_ctive_rieltor"""", """"analitic_price"""", """"count_users_by_city_slice2_all"""", """"group_ries_manager_stats_days""""]"""
"379,""[""""calls_to_beeline_from_all_city""""]"""
"381,""[""""payment_nalogi_new""""]"""
"382,""[""""official_revenue""""]"""
"383,""[""""dr_commission_avg""""]"""
"384,""[""""commod_urmodule""""]"""
"386,""[""""users"""", """"users_balance"""", """"uplexr_limit_bill""""]"""
"387,""[""""ost_deals_data"""", """"social_programs"""", """"deals_commission_all"""", """"ticket_buy_mortgage"""", """"ost_deals_types"""", """"ost_ticket_all"""", """"ost_ticket_types"""", """"hr_users"""", """"ost_deals_new"""", """"objects_address"""", """"deal_ticket_audit_264""""]"""
"389,""[""""sale_commission""""]"""
"390,""[""""asterisk_outgoing_for_char""""]"""
"391,""[""""hr_quatas_rieltor""""]"""
"393,""[""""payments_category"""", """"analitic_price"""", """"analitic_likvid_new""""]"""
"395,""[""""ch_objects_all_fields"""", """"ch_newhouses_gp"""", """"ch_ost_ticket"""", """"ch_hr_users"""", """"ch_exist_clients"""", """"ch_leases"""", """"ch_deleted_object"""", """"ch_count_user_in_rop"""", """"ch_count_users_stazh_all_city"""", """"ch_count_users_by_city_slice2_all"""", """"ch_managers_exclusion"""", """"ch_ries_manager_stats_days"""", """"ch_users"""", """"ch_ticket_crm_funds"""", """"ch_core_base"""", """"ch_pokaz_ries_mobile"""", """"ch_users_slice_new""""]"""
"397,""[""""raskleyka_new"""", """"users""""]"""
"398,""[""""srez_po_baze_rieltorov_all"""", """"group_ries_manager_stats_days""""]"""
"399,""[""""calls_filials_new"""", """"live_talk_answer_dialog_116"""", """"pereadresa_ries"""", """"asterisk_blacklist""""]"""
"400,""[""""objects"""", """"cities"""", """"flats_cottages_offices"""", """"users"""", """"objects_add_features_more"""", """"video_object"""", """"count_3d_tours"""", """"hr_users"""", """"analitic_likvid_grades_active"""", """"count_view_object""""]"""
"402,""[""""series_planes""""]"""
"403,""[""""house_planes""""]"""
"404,""[""""currencies"""", """"dr_commission"""", """"plan_filial"""", """"commision_sum"""", """"deal_region_ticket"""", """"ost_deals_new"""", """"count_users_by_city_slice2_all""""]"""
"405,""[""""big_mortgage_final"""", """"big_mortgage_final_rieltor""""]"""
"406,""[""""mortgage_big_without_broker_new"""", """"mortgage_big_without_broker_rieltor"""", """"e_offices_group""""]"""
"407,""[""""big_refinancing_final""""]"""
"408,""[""""refinancing_big_without_broker_new""""]"""
"409,""[""""cities"""", """"prolong_clients_sms"""", """"e_offices""""]"""
"410,""[""""i_ticket_strah_res_new""""]"""
"411,""[""""bi_managers"""", """"count_user_for_manager_stazh_new"""", """"ries_modul_final"""", """"ticket_insurance_rielto_ticket"""", """"deals_buy_mortgage"""", """"count_rieltor_of_manager"""", """"prolong_date_ticket"""", """"insurance_stage_dates"""", """"count_users_by_city_slice2_all"""", """"group_by_comment_ticket"""", """"e_offices""""]"""
"412,""[""""court_cases""""]"""
"415,""[""""sms_city"""", """"users_department_position""""]"""
"416,""[""""call_ries_final_new"""", """"analitic_likvid_grades_active"""", """"objects_add_features_more""""]"""
"418,""[""""ost_document_ticket"""", """"client_ticket"""", """"ost_ticket_all"""", """"object_care_all"""", """"analitic_likvid_new"""", """"e_offices_group"""", """"archived_garanty_let""""]"""
"428,""[""""linked_cases""""]"""
"429,""[""""calls_ipoteka_out_new""""]"""
"430,""[""""mortgage_realtors_choises""""]"""
"431,""[""""lease_group_parametr"""", """"users"""", """"hr_users_additional_field"""", """"hr_users"""", """"ticket_object"""", """"users_slice_new""""]"""
"433,""[""""lease_low_price""""]"""
"436,""[""""mortgage_tickets_4_9_month_final""""]"""
"437,""[""""count_user_for_manager_stazh_new"""", """"count_users_by_city_slice2_all"""", """"rebuild_insurance_ticket"""", """"ticket_insurance_rielto_ticket"""", """"count_rieltor_of_manager"""", """"cities"""", """"users"""", """"objects"""", """"mortgage_with_us"""", """"insurance_parents"""", """"ost_ticket_all"""", """"e_offices"""", """"integrator_requests_insurance""""]"""
"438,""[""""insurance_deals_finish""""]"""
"439,""[""""insurance_prolong_all""""]"""
"440,""[""""insurance_in_deals""""]"""
"441,""[""""big_insurance_final"""", """"e_offices""""]"""
"442,""[""""ost_ticket_all"""", """"cities"""", """"ries_clients_in_lk"""", """"i_tickets_clients_needs"""", """"users""""]"""
"443,""[""""feedback_mobile"""", """"lk_clients"""", """"cities""""]"""
"444,""[""""rieltors_count_group"""", """"cnt_users_of_experience"""", """"manager_rops"""", """"pokaz_ries_mobile"""", """"users"""", """"ticket_buy_mortgage"""", """"managers_count"""", """"count_user_group_everyday"""", """"group_ries_manager_stats_days"""", """"count_users_by_city_slice2_all"""", """"analitic_demand_and_price"""", """"crm_ticket_id"""", """"e_offices_group""""]"""
"445,""[""""ticket_care"""", """"notification_ticket_care"""", """"count_pokaz_ticket"""", """"approved_ticket_buyer"""", """"hr_users"""", """"count_gd_pedestrian_all"""", """"last_change_ticket"""", """"group_by_comment_ticket""""]"""
"446,""[""""ocenka_final_new"""", """"group_by_comment_ticket""""]"""
"448,""[""""crm_tasks"""", """"crm_comments"""", """"hr_users"""", """"exist_clients""""]"""
"449,""[""""ost_ticket_all"""", """"hr_users"""", """"cities"""", """"crm_deals_activities"""", """"group_by_comment_ticket"""", """"exist_clients"""", """"deals_deal_stages"""", """"deals_stages"""", """"deals_deals_tags"""", """"crm_ticket_id"""", """"regional_ticket_city_ticket"""", """"ost_ticket_types"""", """"ost_ticket_contract""""]"""
"452,""[""""hr_aup_tyumen""""]"""
"453,""[""""hr_test_stats""""]"""
"454,""[""""hr_users"""", """"hr_regions"""", """"cities""""]"""
"455,""[""""hr_regions_2""""]"""
"456,""[""""ost_ticket_comment"""", """"ticket_active_assing""""]"""
"457,""[""""uplexr_site_object_filial""""]"""
"459,""[""""ost_ticket_all"""", """"ost_ticket_types"""", """"cities"""", """"users"""", """"ost_field_values""""]"""
"460,""[""""ost_ticket_all"""", """"ost_ticket_types"""", """"cities"""", """"users"""", """"ost_field_values""""]"""
"462,""[""""voronki""""]"""
"463,""[""""checked_objects_group"""", """"objects"""", """"cities"""", """"hr_users"""", """"comment_object""""]"""
"464,""[""""calls_to_685899""""]"""
"467,""[""""acm_developers""""]"""
"471,""[""""manager_rops"""", """"podborki_new_log"""", """"group_ries_manager_stats_days"""", """"count_user_group_everyday"""", """"count_users_stazh_all_city"""", """"count_objects_ticket_podborka"""", """"count_users_by_city_slice2_all"""", """"crm_ticket_id"""", """"podborka_newhous_newcot"""", """"e_offices_group""""]"""
"472,""[""""ost_ticket_all"""", """"ost_ticket_types"""", """"users"""", """"cities"""", """"crm_ticket_id""""]"""
"474,""[""""currencies"""", """"e_offices"""", """"deals_76""""]"""
"475,""[""""join_ticket"""", """"join_ticket_razb""""]"""
"476,""[""""deals_ip"""", """"dr_deals_commissions_final""""]"""
"477,""[""""active_objects_photos_final"""", """"hr_users"""", """"analitic_likvid_new"""", """"active_objects_photos_source"""", """"count_view_object"""", """"objects_address""""]"""
"478,""[""""space_main_tasks"""", """"space_task_fields_values"""", """"space_catalogs_task_fields"""", """"users"""", """"space_category_main_taks"""", """"space_catalogs"""", """"space_comments_maintask"""", """"hr_users"""", """"space_reviews""""]"""
"479,""[""""ost_ticket_all"""", """"ost_ticket_types"""", """"users"""", """"cities"""", """"crm_activities""""]"""
"481,""[""""ost_ticket_all"""", """"etapy_zayavok_v_srm"""", """"ost_ticket_types"""", """"users"""", """"cities"""", """"ticket_comment_admin"""", """"group_by_comment_ticket""""]"""
"482,""[""""photo_download""""]"""
"484,""[""""change_objects_logs_status"""", """"objects"""", """"users""""]"""
"485,""[""""change_adress"""", """"users"""", """"streets"""", """"flats"""", """"deleted_reasons_objects""""]"""
"486,""[""""change_phone_final"""", """"change_exist_client_phone_crm_final""""]"""
"489,""[""""ch_ticket_potrebnosti""""]"""
"490,""[""""omnichat_new"""", """"users"""", """"ost_ticket_all"""", """"ost_ticket_types"""", """"cities"""", """"tickets_logs_remote_line"""", """"traffic_lights"""", """"user_answered_calls_percent"""", """"ost_field_values""""]"""
"491,""[""""active_objects_layouts"""", """"analitic_likvid_grades_active"""", """"analitic_likvid_new"""", """"last_user_load_layout"""", """"hr_users"""", """"newhouses"""", """"walls"""", """"count_view_object"""", """"source_plan""""]"""
"492,""[""""calls_from_ries"""", """"calls_and_token""""]"""
"493,""[""""calls_from_megafon""""]"""
"494,""[""""change_objects_logs_status"""", """"view_price_final"""", """"flats_cottages_offices"""", """"objects_address"""", """"objects_add_features_more"""", """"analitic_price"""", """"analitic_price_estimate"""", """"objects"""", """"count_change_price""""]"""
"496,""[""""ost_ticket_contract_distinct"""", """"e_offices"""", """"count_rops_user"""", """"bi_managers"""", """"all_obj"""", """"count_exclusive_dog"""", """"count_user_group_everyday"""", """"group_ries_manager_stats_days"""", """"count_user_in_rop"""", """"objects_add_features_more"""", """"split_city_contracts_type_catalog""""]"""
"497,""[""""podborka_leases""""]"""
"498,""[""""ost_ticket_all"""", """"ost_field_values"""", """"objects"""", """"cities"""", """"users"""", """"ost_ticket_types""""]"""
"500,""[""""newhpuses_audit_stat""""]"""
"503,""[""""change_objects_logs_status"""", """"objects"""", """"users"""", """"cities"""", """"leases"""", """"slice_lease_objects_status""""]"""
"504,""[""""paper_sites_summ_new"""", """"analitic_likvid_grades_active_new"""", """"object_additional_fields_all_new""""]"""
"505,""[""""count_user_for_manager_stazh"""", """"cnt_users_of_experience"""", """"payments_category"""", """"bi_managers"""", """"analitic_likvid_grades_active"""", """"hr_users"""", """"objects"""", """"districts"""", """"flats""""]"""
"506,""[""""objects"""", """"cities"""", """"count_object"""", """"users"""", """"reiting_result""""]"""
"507,""[""""count_object_user""""]"""
"508,""[""""manager_change_deposit""""]"""
"509,""[""""objects"""", """"flats"""", """"districts"""", """"cities"""", """"series"""", """"objects_address""""]"""
"510,""[""""hr_calls""""]"""
"511,""[""""converse_ticket""""]"""
"512,""[""""pereadresa_ries"""", """"count_phone_seo"""", """"call_forwarding""""]"""
"513,""[""""ost_ticket_message"""", """"voronka_ticket_buyer_test"""", """"space_task_in_ticket_crm"""", """"group_by_comment_ticket"""", """"users"""", """"ost_ticket_regional_percents"""", """"deals_demand_characteristics""""]"""
"514,""[""""prepared_object"""", """"last_transfer_object"""", """"hr_users"""", """"comment_object""""]"""
"516,""[""""objects"""", """"flats"""", """"cities"""", """"change_objects_logs_status"""", """"users"""", """"ticket_object"""", """"group_by_comment_ticket"""", """"final_date_proverki"""", """"flats_cottages_offices"""", """"deleted_object"""", """"object_status_active"""", """"cottages"""", """"comment_object""""]"""
"517,""[""""ost_ticket_all"""", """"ost_ticket_types"""", """"cities"""", """"bi_ticket_note"""", """"users"""", """"group_by_comment_ticket""""]"""
"518,""[""""payments"""", """"ticket_egrn""""]"""
"524,""[""""sms_sites"""", """"ost_ticket_all"""", """"ost_ticket_types"""", """"cities"""", """"users"""", """"client_lk_date"""", """"login_lk""""]"""
"525,""[""""all_ticket_166"""", """"flats"""", """"cottages"""", """"offices"""", """"count_layouts_in_object_for_type""""]"""
"526,""[""""self_reclame""""]"""
"527,""[""""builders"""", """"ticket_newhouses_and_build"""", """"max_date_competencii_cottages""""]"""
"529,""[""""objects"""", """"users"""", """"cities"""", """"ticket_object"""", """"group_by_comment_ticket"""", """"comment_object"""", """"object_status_active"""", """"object_care_all"""", """"change_objects_logs_status""""]"""
"530,""[""""space_main_tasks"""", """"hr_users"""", """"space_category_main_taks"""", """"space_catalogs"""", """"ost_ticket_all"""", """"ost_ticket_types"""", """"space_first_comment"""", """"space_task_fields_values"""", """"space_catalogs_task_fields""""]"""
"531,""[""""coop_deals_deposit_data"""", """"converse_deposit_status"""", """"hr_users""""]"""
"532,""[""""currencies"""", """"dr_deals_commissions_final"""", """"ost_deals_new"""", """"ost_ticket_regional_percents_group"""", """"objects_address"""", """"dr_advansed_report_min"""", """"ost_ticket_all"""", """"deal_region_ticket"""", """"count_user_group_everyday"""", """"ost_ticket"""", """"hr_users"""", """"city_object_change_ticket"""", """"i_banks""""]"""
"533,""[""""changes_price_panel_final"""", """"hr_users""""]"""
"534,""[""""course_modules_logs"""", """"edwiser_page"""", """"edwiser_book"""", """"edwiser_eduplayer"""", """"edwiser_glossary"""", """"edwiser_hvp"""", """"edwiser_quiz"""", """"edwiser_resource"""", """"edwiser_url"""", """"edwise_webinar"""", """"edwiser_lesson"""", """"edwiser_scorm"""", """"edwiser_subcourse"""", """"edwiser_checklist"""", """"hr_users""""]"""
"535,""[""""up_grade_30"""", """"hr_users"""", """"learnings_result_new_education""""]"""
"536,""[""""yaroslavl_vstrech_v_office_new"""", """"yaroslavl_vstrech_v_office_2021"""", """"yaroslavl_vstrech_v_office_2022""""]"""
"537,""[""""count_rops_user"""", """"object_additional_fields_all_new"""", """"bi_managers"""", """"manager_diary_values_now"""", """"analitic_price"""", """"count_exclusive_dog"""", """"count_user_group_everyday"""", """"group_ries_manager_stats_days"""", """"last_count_user_in_rop"""", """"objects_add_features_more"""", """"e_offices"""", """"traffic_lights"""", """"core_base""""]"""
"538,""[""""manager_groups_count""""]"""
"539,""[""""prozvon_11day_kc_franch"""", """"hr_users""""]"""
"540,""[""""prozvon_11day_kc"""", """"deleted_object"""", """"hr_users""""]"""
"541,""[""""managers_grade_new""""]"""
"542,""[""""analitic_active_actions_new_1"""", """"ost_ticket_all"""", """"users""""]"""
"543,""[""""change_price_lease""""]"""
"546,""[""""acm_proect_finall_really""""]"""
"547,""[""""ost_document_ticket"""", """"client_ticket"""", """"ost_ticket_all"""", """"cities"""", """"ost_ticket_types""""]"""
"548,""[""""mortgage_work_speed"""", """"ost_ticket_all"""", """"hr_users""""]"""
"549,""[""""lowering_coef_showing_infos""""]"""
"550,""[""""asterisk_call_605040""""]"""
"551,""[""""business_trip_final""""]"""
"552,""[""""user_login"""", """"users""""]"""
"553,""[""""calls_incoming_number""""]"""
"554,""[""""asterisk_call_470208""""]"""
"555,""[""""pereadresa_ries"""", """"banner_ticket"""", """"users"""", """"objects_address"""", """"flats_cottages_offices"""", """"payments""""]"""
"556,""[""""report_business_cards_nsk_nkz_tms""""]"""
"557,""[""""ost_ticket_all"""", """"ost_ticket_types"""", """"cities"""", """"ost_ticket_message"""", """"users"""", """"group_by_comment_ticket""""]"""
"558,""[""""catalog_clients_program_loyality""""]"""
"559,""[""""catolog_discount_program_loyalty""""]"""
"560,""[""""catalog_company_program_loyality""""]"""
"561,""[""""newcomplex_media_final"""", """"house_in_newcomplex""""]"""
"562,""[""""vstrechi_v_ofise_novosib""""]"""
"563,""[""""traffic_lights_calc""""]"""
"564,""[""""number_from_trunk""""]"""
"565,""[""""hr_calls_from_august""""]"""
"566,""[""""auto_prozvon_august2018"""", """"objects_address""""]"""
"567,""[""""auto_prozvon_august2018""""]"""
"568,""[""""payments"""", """"ost_ticket_all"""", """"exist_objects"""", """"ost_deals_data"""", """"exist_clients"""", """"users"""", """"i_banks"""", """"rieltor_proc"""", """"ticket_buy_mortgage"""", """"ost_deals_comm_plan"""", """"ost_contract_commission"""", """"banks_correction_percents"""", """"payments_cat"""", """"deals_mortgage_com_bank"""", """"payments_new"""", """"cities""""]"""
"569,""[""""auto_prozvon_csi_from_august"""", """"ost_ticket_all"""", """"cities""""]"""
"570,""[""""nsk_dostup_for_deal""""]"""
"571,""[""""bg_new"""", """"newhouses_objects_check""""]"""
"579,""[""""bg_objects"""", """"bg_newhouses"""", """"series"""", """"cities""""]"""
"585,""[""""floorium_statistics""""]"""
"586,""[""""slice_count_marketing_plan"""", """"traffic_lights"""", """"users"""", """"marketing_plan_final"""", """"group_by_comment_ticket"""", """"marketing_plan_object_deposit"""", """"count_user_group_everyday"""", """"count_user_in_rop"""", """"count_marketing_plan"""", """"count_marketing_plan_manager"""", """"count_marketing_plan_rop"""", """"slice_count_marketing_plan_manager"""", """"slice_count_marketing_plan_rop"""", """"ticket_object""""]"""
"588,""[""""rieltor_manager_movements_new"""", """"rieltor_manager_movements_new2"""", """"vacation_logs"""", """"rieltor_manager_movements_old"""", """"hr_users"""", """"hr_users_additional_field""""]"""
"592,""[""""ost_ticket"""", """"ost_ticket_all"""", """"cities"""", """"hr_users"""", """"ost_ticket_types"""", """"exist_clients"""", """"objects"""", """"city_object_change_ticket"""", """"group_by_comment_ticket"""", """"date_photo_ticket"""", """"objects_add_features_more"""", """"type_object"""", """"deals_deal_stages"""", """"deals_stages"""", """"reason_closed_ticket"""", """"ticket_care"""", """"object_care_all"""", """"last_date_deposit"""", """"ost_ticket_regional_percents_group""""]"""
"593,""[""""prozvon_prodavca_11_den_fransh_vnesh"""", """"deleted_reasons_objects""""]"""
"595,""[""""kvint_report"""", """"calls_kvint_ries""""]"""
"596,""[""""up_login"""", """"hr_users""""]"""
"597,""[""""objects"""", """"objects_add_features"""", """"objects_add_features_more"""", """"cottages"""", """"cities"""", """"reiting_result"""", """"districts"""", """"users""""]"""
"599,""[""""calls_incoming_number""""]"""
"600,""[""""e_offices"""", """"deals_buy_mortgage_final"""", """"zp_buyer""""]"""
"601,""[""""marketing_plan_payment"""", """"departments"""", """"cities"""", """"users"""", """"correction_transaction"""", """"marketing_plan"""", """"uplexr_uploads"""", """"market_plan_valid_dates""""]"""
"602,""[""""sale_low_price""""]"""
"603,""[""""belgorod_object_paper"""", """"cities"""", """"objects"""", """"analitic_likvid_new""""]"""
"604,""[""""manager_rops"""", """"e_offices"""", """"rieltors_count_group"""", """"count_objects_by_rieltors"""", """"count_users_by_city_slice2_all"""", """"count_users_stazh_all_city"""", """"count_user_group_everyday"""", """"group_ries_manager_stats_days""""]"""
"605,""[""""newhouses_objects"""", """"banki_newhouses"""", """"min_max_newhouses""""]"""
"607,""[""""calls_to_city_number_postgree""""]"""
"608,""[""""analitic_active_actions"""", """"objects_add_features""""]"""
"612,""[""""asm_show_tasks"""", """"hr_users""""]"""
"613,""[""""sostav_dogovor"""", """"deal_ur_sopr"""", """"ost_contract_commission_new"""", """"prognoz_commission_object""""]"""
"614,""[""""calls_ipoteka_681444"""", """"hr_users""""]"""
"615,""[""""asterisk_call_404440""""]"""
"616,""[""""novosib_zadatki""""]"""
"618,""[""""news_all"""", """"news_users""""]"""
"619,""[""""objects"""", """"users"""", """"cities"""", """"object_exchange"""", """"comment_object"""", """"objects_address"""", """"district_exchange""""]"""
"620,""[""""acm_miass"""", """"users"""", """"objects""""]"""
"621,""[""""statistic_price_newhouse_price"""", """"statistic_price_newhouse_price_old_year"""", """"statistic_price_start_sale"""", """"newhouse_date_out""""]"""
"622,""[""""nsk_sites_paper"""", """"count_prof_photos""""]"""
"623,""[""""space_vacansion_publication"""", """"users"""", """"space_positions"""", """"space_departments"""", """"space_e_offices"""", """"space_addresses_data"""", """"space_cities"""", """"space_vacansion_response"""", """"space_group_position"""", """"space_logs_operation_feedback""""]"""
"625,""[""""mortgage_feedback"""", """"users""""]"""
"626,""[""""urist_audit"""", """"count_ticket_audit_v_rab"""", """"urist_audit_prover_previous"""", """"audit_queue"""", """"count_ticket_audit_v_rab_month"""", """"audit_timeout_with_work_time""""]"""
"627,""[""""auto_check""""]"""
"630,""[""""tickat_ankets"""", """"ankets_ipoteka""""]"""
"631,""[""""object_key"""", """"objects_add_features""""]"""
"632,""[""""procent_zapolneniya_bg_srez""""]"""
"633,""[""""objects"""", """"call_ries_final_new"""", """"count_pokaz_object"""", """"flats"""", """"users"""", """"zatraty_po_object"""", """"deleted_object"""", """"analitic_likvid_grades_active"""", """"cities""""]"""
"634,""[""""approved_ipoteka""""]"""
"635,""[""""lease_deals_vd""""]"""
"637,""[""""active_object_all_month"""", """"objects"""", """"exist_objects"""", """"users"""", """"deleted_object"""", """"reason_delete_prozvon"""", """"last_date_deposit"""", """"cities"""", """"status_flats"""", """"districts"""", """"flats_cottages_offices""""]"""
"638,""[""""saratov_dogovor_urmod"""", """"commod_dogovor"""", """"count_user_yur_sopr""""]"""
"640,""[""""acm_ideas"""", """"positions_and_departments""""]"""
"641,""[""""users_types"""", """"users"""", """"ost_ticket_all"""", """"ost_ticket_types"""", """"max_date_competencii_cottages""""]"""
"643,""[""""lease_object"""", """"users"""", """"change_apartment_num_lease""""]"""
"644,""[""""change_objects_logs_status"""", """"objects"""", """"users"""", """"cities"""", """"flats"""", """"deleted_object"""", """"districts""""]"""
"645,""[""""activnost_sp_all""""]"""
"646,""[""""acm_internship""""]"""
"648,""[""""count_reauest_client_arenda"""", """"cities""""]"""
"649,""[""""moskow_client_object"""", """"objects_address"""", """"deleted_object"""", """"duble_deleted_object"""", """"double_deleted_object_phone"""", """"ticket_object"""", """"send_sms_for_verification""""]"""
"650,""[""""rieltor_proc"""", """"users_slice_union""""]"""
"651,""[""""gru_catalog"""", """"districts""""]"""
"652,""[""""calls_incoming_number""""]"""
"654,""[""""e_offices"""", """"cnt_users_with_mortgage_final"""", """"users"""", """"cnt_users_with_mortgage_final_new"""", """"hr_users""""]"""
"655,""[""""e_offices"""", """"users"""", """"users_messager_all""""]"""
"656,""[""""hr_users"""", """"office_domcklick"""", """"regist_domcklick""""]"""
"658,""[""""salary_request_button""""]"""
"660,""[""""acm_kb_kand_sla_final""""]"""
"661,""[""""hr_franch"""", """"hr_franch_new"""", """"cities""""]"""
"664,""[""""layouts_templates"""", """"planner_tab_project"""", """"users"""", """"layouts_log"""", """"hr_users"""", """"source_plan"""", """"layout_photo_source""""]"""
"667,""[""""acm_kb_ticket_sla_hr_final""""]"""
"668,""[""""managers_grade""""]"""
"669,""[""""funnel_rent"""", """"funnel_lease""""]"""
"670,""[""""cnt_users_of_experience"""", """"count_user_for_manager_stazh_new"""", """"deals_nsk_finish_2_rown"""", """"users"""", """"objects_address""""]"""
"671,""[""""calls_incoming_number""""]"""
"672,""[""""log_reg_contract"""", """"users"""", """"ticket_comment_admin""""]"""
"673,""[""""crm_stat_calls_omni_new_final"""", """"chats_archive"""", """"asterisk_blacklist"""", """"ost_field_values""""]"""
"674,""[""""wall_type"""", """"hewhouses_currect_surgut_final""""]"""
"675,""[""""calls_incoming_number""""]"""
"677,""[""""meeting_in_office2_saratov_2019""""]"""
"678,""[""""deals_76""""]"""
"679,""[""""deals_new"""", """"users_last_day_month"""", """"users_slice"""", """"count_realtors_by_actual_date_city""""]"""
"680,""[""""external_training"""", """"departments""""]"""
"681,""[""""rieltor_mortgage_final"""", """"users"""", """"count_user_for_manager_stazh""""]"""
"682,""[""""zhurnal_registracii_rask"""", """"statistic_call_asterisk""""]"""
"683,""[""""ost_ticket_contract_distinct"""", """"ost_ticket_all"""", """"cities"""", """"hr_users"""", """"ost_ticket_types"""", """"ost_ticket_contract"""", """"ost_purchaser"""", """"count_prof_photos"""", """"objects"""", """"flats"""", """"object_status_active"""", """"exist_clients"""", """"deleted_object"""", """"group_by_comment_ticket"""", """"ticket_buy_mortgage"""", """"mortgage_online"""", """"last_date_deposit"""", """"objects_add_features_more"""", """"objects_address"""", """"object_care_all"""", """"last_status_before_deleted"""", """"reason_closed_ticket"""", """"count_podbor_ticket_all"""", """"count_pokaz_ticket_all"""", """"ost_ticket_note_date_free""""]"""
"684,""[""""gd_pedestrian_all"""", """"gd_pedestrian_all_2020""""]"""
"685,""[""""dinamic_nap_object_new_city""""]"""
"686,""[""""all_deals""""]"""
"687,""[""""prodazhi_pervichka_statistika"""", """"prodazhi_vtorichka_statistika""""]"""
"688,""[""""newhouses_flats""""]"""
"689,""[""""viborki_tjumen""""]"""
"690,""[""""ost_ticket_all"""", """"cities"""", """"ost_ticket_actions_history"""", """"users""""]"""
"691,""[""""traffic_lights"""", """"deleted_realtors23_final"""", """"hr_users""""]"""
"692,""[""""ost_document_ticket"""", """"objects"""", """"objects_add_features_more""""]"""
"701,""[""""i_mobile_qr_codes"""", """"users""""]"""
"702,""[""""saratov_licvide_object""""]"""
"703,""[""""uchet_poseshaemosti_novostr"""", """"users""""]"""
"704,""[""""users"""", """"users_messenger"""", """"channels_massager""""]"""
"706,""[""""transfer_objects"""", """"objects"""", """"object_additional_fields"""", """"users""""]"""
"708,""[""""brief_views"""", """"hr_users""""]"""
"709,""[""""traffic_lights_calc"""", """"dr_advansed_report_min"""", """"hr_users"""", """"user_active_srez"""", """"analitic_likvid_new"""", """"agency_names"""", """"objects"""", """"social_programs""""]"""
"710,""[""""reports_view"""", """"hr_users""""]"""
"712,""[""""sell_cottages_document""""]"""
"714,""[""""ost_ticket_all"""", """"ost_ticket_types"""", """"cities"""", """"users""""]"""
"715,""[""""acm_kb_support_mortgage""""]"""
"716,""[""""reestr_dop_sogl"""", """"pe_companies_ticket"""", """"users"""", """"change_phone_final"""", """"change_exist_client_phone_crm_final"""", """"information_list"""", """"hr_users"""", """"ost_deals_data_comment"""", """"ost_ticket_all""""]"""
"717,""[""""call_request""""]"""
"718,""[""""calls_reception""""]"""
"719,""[""""motivation_rieltor"""", """"users""""]"""
"720,""[""""ticket_all_finall"""", """"object_all_final"""", """"crm_ticket_id"""", """"exist_clients"""", """"count_exclusive_dog"""", """"uploads_ngs_payments"""", """"uploads_avito_payments""""]"""
"721,""[""""rent_online_logs"""", """"date_confirm_ticket_dog"""", """"rent_online_contracts"""", """"ost_contract_data"""", """"ost_ticket_all"""", """"users"""", """"ost_ticket_types"""", """"exist_clients"""", """"objects""""]"""
"722,""[""""calls_incoming_number""""]"""
"723,""[""""tea_n_coffee""""]"""
"724,""[""""prozvon_csi_outer"""", """"ost_ticket_all""""]"""
"725,""[""""ost_ticket_all"""", """"ost_ticket_types"""", """"users"""", """"objects"""", """"cities"""", """"ost_field_values"""", """"deleted_reasons_objects"""", """"group_by_comment_ticket""""]"""
"726,""[""""ocenka_final"""", """"group_by_comment_ticket"""", """"unique_action_ticket_ocenka"""", """"ocenka_type_payment"""", """"ocenka_wait_closed_reason"""", """"objects_address""""]"""
"727,""[""""extracts"""", """"space_extracts"""", """"urmodule_objects"""", """"objects"""", """"extracts_sources"""", """"flats_cottages_offices"""", """"egrn_auto_order_settings""""]"""
"728,""[""""pokaz_ries_mobile"""", """"newhouses"""", """"newcomplex"""", """"builders"""", """"ost_saved_objects"""", """"deals_76"""", """"ost_ticket_all"""", """"users"""", """"cities""""]"""
"729,""[""""astana_krisha""""]"""
"730,""[""""objects"""", """"cities"""", """"users"""", """"districts"""", """"streets"""", """"objects_add_features_more"""", """"flats_cottages_offices"""", """"first_price_object"""", """"objects_address"""", """"analitic_price_estimate"""", """"object_predictions""""]"""
"731,""[""""exclusive_object_all"""", """"deleted_object"""", """"objects_address""""]"""
"733,""[""""space_main_tasks"""", """"users"""", """"space_category_main_taks"""", """"space_catalogs"""", """"space_task_fields_values"""", """"hr_users""""]"""
"734,""[""""objects_dup_rhood"""", """"cities"""", """"objects"""", """"users"""", """"leases"""", """"prognoz_commission_object"""", """"ticket_object"""", """"objects_address""""]"""
"737,""[""""mfc_records""""]"""
"739,""[""""pe_pes"""", """"users"""", """"cities""""]"""
"740,""[""""trafic_light_slise"""", """"hr_users""""]"""
"741,""[""""booking_notifications"""", """"hr_users"""", """"exist_objects"""", """"builders"""", """"ticket_buy_mortgage"""", """"reason_closed_ticket""""]"""
"742,""[""""podborka_objects_new"""", """"newcottages_catalog"""", """"newcottages_catalog_slice"""", """"newcottage_schems""""]"""
"744,""[""""ticket_marketologi"""", """"cities"""", """"marketing_plan_budget_all""""]"""
"745,""[""""currencies"""", """"dr_deals_commissions_final"""", """"ost_ticket_regional_percents_group"""", """"objects_address"""", """"dr_advansed_report_min"""", """"client_ticket"""", """"exist_clients""""]"""
"747,""[""""view_object_all"""", """"objects"""", """"hr_users"""", """"newhouses"""", """"walls"""", """"districts"""", """"flats"""", """"cottages"""", """"offices"""", """"cities"""", """"objects_address""""]"""
"749,""[""""objects_dup_rhood"""", """"cities"""", """"objects"""", """"users"""", """"leases"""", """"prognoz_commission_object"""", """"rhood_coun_photo""""]"""
"750,""[""""walls_cities"""", """"cottages"""", """"objects"""", """"flats""""]"""
"751,""[""""e_registration_calendar"""", """"users"""", """"ost_ticket_all"""", """"online_contracts_group_by_ticket""""]"""
"752,""[""""convers_cooperative"""", """"converse_cooperative_sell"""", """"convers_cooperative_ticket"""", """"converse_cooperative_sell_ticket""""]"""
"754,""[""""calls_incoming_number"""", """"for_project_151216_tickets_new_final""""]"""
"755,""[""""group_user"""", """"role_save_way"""", """"users""""]"""
"756,""[""""object_ddu_final""""]"""
"757,""[""""krasnodar_newhouse_google""""]"""
"758,""[""""ur_work_time""""]"""
"759,""[""""ost_ticket_all"""", """"objects"""", """"users"""", """"cities"""", """"last_date_deposit""""]"""
"760,""[""""e_offices"""", """"payments"""", """"departments"""", """"cities"""", """"ost_ticket_all"""", """"ost_ticket_types""""]"""
"761,""[""""percent_zapolnen_srez_new""""]"""
"762,""[""""act_predost_uslug"""", """"users""""]"""
"764,""[""""object_partner"""", """"objects"""", """"flats_cottages_offices"""", """"objects_address"""", """"object_care_all"""", """"object_podbor"""", """"count_pokaz_object"""", """"active_objects_photos_source"""", """"last_date_deposit"""", """"ticket_object"""", """"exist_clients""""]"""
"765,""[""""users"""", """"tomsk_google_doc_2022"""", """"tomsk_google_doc_newhouse2022""""]"""
"766,""[""""everyday_percent_zapolnen_srez"""", """"everyday_all_percent_bg"""", """"bg_newhouses"""", """"newhouses_objects_check""""]"""
"767,""[""""space_main_tasks"""", """"hr_users"""", """"space_category_main_taks"""", """"space_task_fields_values"""", """"space_history_prosmotr""""]"""
"768,""[""""zvonki_reception_tyumen""""]"""
"769,""[""""eskrou_dogovor"""", """"users""""]"""
"770,""[""""prozvon_deleted_object"""", """"deleted_object""""]"""
"771,""[""""control_dogovor""""]"""
"772,""[""""rung_sale_day"""", """"active_objects_photos_source"""", """"last_user_upload_photos"""", """"date_load_layouts"""", """"count_pokaz_object"""", """"meet_ticket"""", """"active_objects_layouts"""", """"created_ticket_buy_from_rung""""]"""
"773,""[""""all_uploads_to_sites_moskow""""]"""
"774,""[""""analitic_likvid_grades"""", """"object_analogs"""", """"objects"""", """"flats_cottages_offices"""", """"objects_address"""", """"cities"""", """"districts"""", """"trakts"""", """"bi_likvid_summ_objects"""", """"users"""", """"first_price_object""""]"""
"775,""[""""closed_month_count_deal_type"""", """"closed_month_sum_deal_type"""", """"closed_month_correction_group""""]"""
"776,""[""""lease_deal_rent"""", """"hr_users"""", """"rent_payments""""]"""
"777,""[""""acm_service_support_statistics"""", """"users"""", """"space_main_tasks"""", """"space_category_main_taks"""", """"space_catalogs"""", """"space_responsible_first_comment"""", """"space_technical_support_categories"""", """"space_technical_support_service""""]"""
"778,""[""""analitic_object_vibit_1"""", """"analitic_object_vibit_2"""", """"cities"""", """"objects_address"""", """"type_object""""]"""
"780,""[""""rieltor_manager_movements_everyweek""""]"""
"783,""[""""calls_strahovanie"""", """"hr_users""""]"""
"784,""[""""novosib_ecskurs""""]"""
"785,""[""""suspected_object"""", """"users"""", """"last_transfer_object"""", """"callstat_agents"""", """"comments_prozvon""""]"""
"786,""[""""analitic_likvid_grades"""", """"object_analogs"""", """"objects"""", """"flats_cottages_offices"""", """"objects_address"""", """"cities"""", """"districts"""", """"bi_likvid_summ_objects"""", """"users"""", """"first_price_object"""", """"analitic_price_estimate""""]"""
"787,""[""""analitic_likvid_grades"""", """"object_analogs"""", """"objects"""", """"flats_cottages_offices"""", """"objects_address"""", """"cities"""", """"districts"""", """"bi_likvid_summ_objects"""", """"users"""", """"first_price_object"""", """"analitic_price_estimate""""]"""
"788,""[""""newhouses_current_all_city"""", """"newhouse_date_out_01_15"""", """"cities""""]"""
"789,""[""""objects_saved"""", """"objects"""", """"users"""", """"cities"""", """"ost_ticket_message""""]"""
"792,""[""""calls_incoming_number""""]"""
"795,""[""""pe_pes"""", """"pe_companies_all"""", """"ost_ticket_all"""", """"e_offices"""", """"payments"""", """"hr_users"""", """"departments"""", """"cities"""", """"closed_month_deal"""", """"ost_deals_data""""]"""
"796,""[""""acm_cases_whom""""]"""
"800,""[""""calls_incoming_number""""]"""
"801,""[""""ost_ticket_all"""", """"ost_deals_data"""", """"exist_objects"""", """"users"""", """"cities""""]"""
"802,""[""""change_photo_source_final""""]"""
"803,""[""""ost_ticket_all"""", """"ost_ticket_types"""", """"ost_field_values"""", """"users""""]"""
"805,""[""""objects"""", """"objects_add_features"""", """"cities"""", """"districts"""", """"streets"""", """"flats_cottages_offices"""", """"site_view_click_house"""", """"object_podbor"""", """"count_pokaz_object"""", """"analitic_active_actions""""]"""
"806,""[""""is_new_manager"""", """"managers_motivation_cache_month"""", """"users"""", """"manager_proc"""", """"cities"""", """"managers_grade"""", """"users_slice_union""""]"""
"807,""[""""timing_work_operator_omni"""", """"hr_users"""", """"accounts_accounts"""", """"omni_status_log_maxaway_minonline""""]"""
"808,""[""""voronka_sale_object"""", """"object_status_active"""", """"last_date_deposit"""", """"count_prof_photos"""", """"layout_photo_source"""", """"notes_date_change"""", """"last_upload_egrn"""", """"last_upload_photos_staff""""]"""
"809,""[""""recovery_object_of_deleted"""", """"objects"""", """"users"""", """"cities"""", """"all_deleted_object""""]"""
"810,""[""""count_user_all_city""""]"""
"811,""[""""acm_cases_whom"""", """"acm_persons_email"""", """"acm_comments_ids"""", """"acm_responsible_log"""", """"acm_all_cases_after_2018_12"""", """"acm_cases_after_2018_closed_statuses""""]"""
"812,""[""""ost_contract_commission"""", """"ticket_for_salary_in_the_deal"""", """"cities"""", """"users"""", """"ost_contract_commission_payments_new_all"""", """"ost_deals_data""""]"""
"814,""[""""big_insurance_final_city""""]"""
"815,""[""""objects"""", """"cities"""", """"users"""", """"flats_cottages_offices"""", """"objects_address"""", """"object_status_active"""", """"analitic_likvid_grades_reports"""", """"series"""", """"newhouses"""", """"view_sites_range_month"""", """"deleted_object"""", """"suspended_date_object"""", """"districts"""", """"last_date_deposit"""", """"risk_zone_trafic_light"""", """"plan"""", """"count_proto_for_type"""", """"count_main_photo"""", """"video_object"""", """"objects_add_features_more"""", """"count_ticket_buy_sites"""", """"count_pokaz_object"""", """"object_podbor"""", """"count_prof_photos"""", """"notes_date_change"""", """"sites_object_upload"""", """"layout_photo_source"""", """"ticket_object"""", """"change_objects_logs_video_group"""", """"penality_and_transfer_last_date"""", """"photo_category"""", """"penalt_objects_bonus"""", """"first_deleted_date""""]"""
"817,""[""""sostav_dogovor"""", """"ost_contract_data_audit"""", """"urist_audit"""", """"ticket_audit_last_name"""", """"deals_76""""]"""
"818,""[""""active_object_slise_1"""", """"active_object_slise_2""""]"""
"820,""[""""objects"""", """"uplexr_objects_all"""", """"alien_upload_ob"""", """"alien_premium_ob"""", """"newhouses_flats"""", """"objects_address"""", """"flats_cottages_offices"""", """"cities"""", """"ticket_object"""", """"exist_clients"""", """"users"""", """"uplexr_uploads"""", """"objects_add_features_more"""", """"core_base"""", """"analitic_likvid_new""""]"""
"822,""[""""error_all_upload"""", """"count_error_upload"""", """"count_upload_all_clickhouse""""]"""
"824,""[""""objects_complaints"""", """"objects"""", """"cities"""", """"users"""", """"flats_cottages_offices"""", """"space_first_comment"""", """"object_status_active"""", """"objects_add_features_more"""", """"count_users_by_city"""", """"manager_group_coun""""]"""
"826,""[""""ipoteka_consultation_ur_otdel""""]"""
"827,""[""""min_date_likvid_object"""", """"objects"""", """"cities"""", """"districts"""", """"analitic_price"""", """"deleted_object"""", """"last_date_deposit"""", """"users"""", """"flats"""", """"count_user_group_everyday"""", """"group_ries_manager_stats_days""""]"""
"828,""[""""landing_ticket"""", """"users"""", """"group_by_comment_ticket""""]"""
"829,""[""""tickat_ankets"""", """"ankets_ipoteka"""", """"ankets_mortgage_child_age_row"""", """"ankets_mortgage_object_client"""", """"ankets_mortgage_cars_model"""", """"ankets_mortgage_kredit_user"""", """"programm_approved""""]"""
"830,""[""""pik_ticket_fixation"""", """"group_by_comment_ticket""""]"""
"831,""[""""ost_ticket_all"""", """"val_ticket"""", """"exist_objects"""", """"i_banks"""", """"ost_ticket_types"""", """"val_companies"""", """"cities"""", """"ocenka_ticket"""", """"exist_clients"""", """"newhouses"""", """"users""""]"""
"832,""[""""mortgage_12_odobryaemost_helper"""", """"users"""", """"cities""""]"""
"833,""[""""payments"""", """"payments_cat"""", """"users""""]"""
"834,""[""""users"""", """"group_user""""]"""
"836,""[""""ocenka_krasnoyarsk_2020""""]"""
"838,""[""""calls_incoming_number""""]"""
"840,""[""""object_and_suitable_ticket_new""""]"""
"842,""[""""log_upload_photos_object"""", """"objects"""", """"users"""", """"objects_address"""", """"cities""""]"""
"843,""[""""acm_abandoned_cases""""]"""
"844,""[""""urmodule_logs"""", """"sostav_dogovor"""", """"commod_dogovor"""", """"users"""", """"e_offices""""]"""
"845,""[""""cottage_excursion_google"""", """"users""""]"""
"846,""[""""converse_deposit"""", """"ticket_object"""", """"converse_deposit_status"""", """"object_reasons_change_status"""", """"val_ticket"""", """"exist_objects"""", """"i_banks"""", """"val_companies"""", """"ocenka_ticket"""", """"objects"""", """"newhouses""""]"""
"847,""[""""omni_status_log_all_new"""", """"hr_users""""]"""
"848,""[""""ost_search_subscribe"""", """"object_subscribes""""]"""
"849,""[""""crm_stat_calls_omni_new_final""""]"""
"850,""[""""sostav_dogovor"""", """"commod_dogovor"""", """"count_user_yur_sopr"""", """"e_offices""""]"""
"857,""[""""hr_users"""", """"hr_regions"""", """"hr_franch_region_all"""", """"count_user_stazh_in_city""""]"""
"858,""[""""beginner_adaptation_final""""]"""
"862,""[""""dashboard_usage_stats"""", """"slice_count_group_type_users""""]"""
"863,""[""""created_objects_from_2015"""", """"all_obj"""", """"deleted_object"""", """"analitic_price"""", """"last_date_deposit"""", """"objects_address"""", """"core_base""""]"""
"865,""[""""crm_stat_calls_omni_barnaul_new_final""""]"""
"866,""[""""objects"""", """"uplexr_objects_all"""", """"objects_address"""", """"cities"""", """"ticket_object"""", """"exist_clients"""", """"users"""", """"uplexr_uploads""""]"""
"867,""[""""mortgage_action_final"""", """"group_by_comment_ticket""""]"""
"868,""[""""view_day_site""""]"""
"869,""[""""regional_ticket_and_deal""""]"""
"870,""[""""double_region_ticket"""", """"ost_ticket_types""""]"""
"872,""[""""ost_activities_goals"""", """"first_line_support"""", """"accounts_accounts_omni2"""", """"users"""", """"outgoing_missed_call_stat_fwd"""", """"addition_omnichat_new"""", """"omni_status_log_maxaway_minonline""""]"""
"876,""[""""slice_all_supply_a""""]"""
"877,""[""""count_users_by_city_slice2_all""""]"""
"879,""[""""objects"""", """"objects_add_features_more"""", """"uplexr_objects_all"""", """"uplexr_uploads"""", """"cities""""]"""
"880,""[""""novosibirsk_ended_deals""""]"""
"882,""[""""kazan_petition""""]"""
"883,""[""""call_advertising_department"""", """"users""""]"""
"884,""[""""roaf_drawing_prizes_new"""", """"ost_ticket_all"""", """"users"""", """"flat_as_gift_cities"""", """"cities""""]"""
"887,""[""""mobile_app_metrica"""", """"event_name_mobile_app"""", """"users""""]"""
"888,""[""""calls_incoming_number""""]"""
"889,""[""""conversion_calls_agrerator"""", """"count_callls_from_agregators""""]"""
"890,""[""""otkrytie_ssylok_v_messendzher"""", """"ost_ticket_all""""]"""
"891,""[""""google_kaluga_incoming_call"""", """"users""""]"""
"892,""[""""calls_incoming_number""""]"""
"895,""[""""objects"""", """"object_additional_fields"""", """"potential_logs"""", """"pereved_object_transfer"""", """"change_objects_logs_status"""", """"object_care_all"""", """"users"""", """"flats_cottages_offices"""", """"last_date_deposit"""", """"ticket_object""""]"""
"897,""[""""hr_users"""", """"slice_care_ticket_and_object_count_final"""", """"slice_ticket_and_object_count_new""""]"""
"900,""[""""acm_advertising_task""""]"""
"902,""[""""acm_csi_external_client_rating"""", """"ost_ticket_all"""", """"ost_ticket_types""""]"""
"903,""[""""ost_ticket_all"""", """"users"""", """"cities"""", """"exist_clients"""", """"group_by_comment_ticket"""", """"last_action_date"""", """"first_date_approved_mort""""]"""
"906,""[""""last_date_send_mort"""", """"users"""", """"documents_uploader_i"""", """"mortgage_online""""]"""
"908,""[""""logs_window_clickhouse_final"""", """"users"""", """"cities"""", """"last_date_close_page_clickhouse"""", """"traffic_lights""""]"""
"909,""[""""acm_all_cases_after_2018_12"""", """"acm_persons_email"""", """"users""""]"""
"911,""[""""crm_omni_ticket_tild"""", """"addition_omnichat_new""""]"""
"912,""[""""date_reopen_ticket"""", """"ticket_otdel_reklam""""]"""
"913,""[""""acm_all_task_more""""]"""
"915,""[""""mop_quarterly_rating""""]"""
"916,""[""""vacation_logs"""", """"users""""]"""
"917,""[""""acm_all_task_more""""]"""
"919,""[""""mortgage_calls"""", """"mortgage_actions"""", """"mortgage_action_wait_kons"""", """"mortgage_calls_ticket_created"""", """"i_ticket_work_wait_kons_to_call""""]"""
"922,""[""""checklist_calls_kaluga"""", """"checklist_vstrechi_kaluga"""", """"checklist_osmotr_kaluga"""", """"checklist_pokaz_kaluga""""]"""
"923,""[""""statistic_call_asterisk_shield"""", """"project_replace_phones_users"""", """"for_project_151216_requests"""", """"for_project_151216_tickets""""]"""
"924,""[""""object_care_all"""", """"exist_clients""""]"""
"925,""[""""marketing_plan_final"""", """"users"""", """"market_plan_reclam""""]"""
"927,""[""""cities"""", """"acm_kc_task"""", """"acm_persons_email"""", """"users""""]"""
"928,""[""""traffic_lights"""", """"space_main_tasks"""", """"users"""", """"space_category_main_taks"""", """"space_catalogs"""", """"space_task_priority"""", """"ost_ticket_all"""", """"cities"""", """"space_responsible_first_comment"""", """"space_checklists"""", """"space_widgets_business"""", """"space_count_not_answer_mension"""", """"space_first_comment"""", """"space_crm_hr_tags"""", """"space_task_fields_values""""]"""
"934,""[""""live_talk_answer"""", """"users"""", """"ost_ticket_all""""]"""
"935,""[""""users"""", """"logs_activity_send_collection""""]"""
"936,""[""""g_surgut_zvonki_s_resepshn""""]"""
"937,""[""""g_surgut_statistika_nomerov""""]"""
"938,""[""""crm_hr_routes_treatment"""", """"space_cities"""", """"users"""", """"space_activity_visitors_group"""", """"crm_hr_hiring_tickets_treatment"""", """"crm_hr_demands_treatment""""]"""
"939,""[""""crm_hr_routes_treatment_activities"""", """"crm_hr_routes_treatment"""", """"users"""", """"crm_hr_hiring_tickets_treatment_activiti"""", """"crm_hr_hiring_tickets_treatment"""", """"crm_hr_demands_treatment_activities"""", """"crm_hr_demands_treatment""""]"""
"940,""[""""ost_ticket_all"""", """"users"""", """"hr_users_additional_field"""", """"cities"""", """"ost_ticket_types"""", """"objects""""]"""
"941,""[""""crm_stat_calls_omni_internal"""", """"omni_max_hangup_dialog_internal"""", """"max_hangup_dialog_answered"""", """"crm_count_statistic_internal"""", """"activities_goals"""", """"accounts_accounts_omni2"""", """"users"""", """"ost_ticket_all"""", """"cities"""", """"ost_ticket_types"""", """"count_recall_crm_stat_internal"""", """"exist_clients"""", """"outgoing_missed_call_stat"""", """"outgoing_missed_call_stat_fwd"""", """"last_omni_dialog_transfer"""", """"omni_calls_staff"""", """"addition_omnichat_new""""]"""
"943,""[""""acm_tasks_belgorod""""]"""
"945,""[""""users"""", """"cities"""", """"otpravlennye_uvedomlenie_v_mobile_iz_mot""""]"""
"947,""[""""calls_statistic_kogalim""""]"""
"949,""[""""ries_document_recognitions"""", """"space_recognitions_service_data""""]"""
"950,""[""""error_clickhouse_domclick"""", """"objects"""", """"users""""]"""
"951,""[""""fields_for_calculating_purchase_conversi"""", """"standards_on_applications""""]"""
"952,""[""""rieltor_manager_movements_everyday_new""""]"""
"953,""[""""smartdoc_types"""", """"urmodule_doc_types"""", """"moscow_ready_doc""""]"""
"954,""[""""bron_peregovorok_google"""", """"hr_users""""]"""
"955,""[""""sms_settings""""]"""
"956,""[""""group_year_purchase_conversion"""", """"standards_on_applications""""]"""
"957,""[""""live_talk_answer_dialog_157_158""""]"""
"958,""[""""e_offices"""", """"ries_manager_stats_days"""", """"users""""]"""
"959,""[""""space_main_tasks"""", """"users"""", """"space_online_reservation"""", """"space_cities"""", """"builders"""", """"newcomplex"""", """"newhouses"""", """"space_catalogs""""]"""
"961,""[""""wt_zoom_meeting_report_participants"""", """"wt_zoom_meeting_reports"""", """"webtutor_events"""", """"hr_users""""]"""
"962,""[""""upl_premium_uplexr"""", """"objects"""", """"hr_users"""", """"flats"""", """"cities"""", """"payments"""", """"objects_address"""", """"flats_cottages_offices"""", """"auction_object""""]"""
"963,""[""""slice_lease_objects"""", """"cities"""", """"slice_lease_objects_copy"""", """"users""""]"""
"964,""[""""mosk_consul_newhouses_cher"""", """"mosk_consul_newhouses_sokol""""]"""
"965,""[""""mosk_fixation_newhouses""""]"""
"966,""[""""mosk_bron_newhouses""""]"""
"967,""[""""urmodule_docs_commod"""", """"contract_direct_check_task"""", """"ost_contract_requests_ready"""", """"urmodule_doc_types"""", """"cities"""", """"users"""", """"contract_direct_check_request"""", """"time_hour_ocr_ready"""", """"urist_audit_time_ozhidaniya_proverki"""", """"jur_transaction_smartdoc_contracts"""", """"accreditives""""]"""
"968,""[""""mortgage_action_final"""", """"mortgage_action_approved"""", """"mortgage_action_deal"""", """"mortgage_collection_doc"""", """"last_action_online_ankets"""", """"last_action_online_ankets_done"""", """"mort_online_phone_metric_group"""", """"last_date_send_mort"""", """"cities"""", """"last_date_deposit"""", """"client_ticket"""", """"exist_clients""""]"""
"969,""[""""objects_for_redemption"""", """"objects"""", """"analitic_price"""", """"flats"""", """"cities"""", """"districts"""", """"streets"""", """"series"""", """"walls"""", """"object_predictions""""]"""
"970,""[""""asterisk_blacklist"""", """"users"""", """"exist_clients"""", """"ost_ticket_all""""]"""
"971,""[""""users"""", """"logs_window_clickhouse_final"""", """"traffic_lights""""]"""
"972,""[""""crm_stat_calls_omni_internal_final""""]"""
"973,""[""""slice_active_secondary_flats""""]"""
"974,""[""""acm_tasks_marketing_franch"""", """"users""""]"""
"976,""[""""users"""", """"ktotam_chatbot_google"""", """"ktotam_chatbot_tariffs_google""""]"""
"977,""[""""webtutor_learning"""", """"users"""", """"e_offices"""", """"hr_users_additional_field"""", """"webtutor_test_learning"""", """"webtutor_polls""""]"""
"978,""[""""space_reviews"""", """"space_cities""""]"""
"979,""[""""fields_for_calculating_purchase_conversi"""", """"standards_on_applications""""]"""
"980,""[""""uchet_poseshaemosti_novostr_surgut""""]"""
"981,""[""""space_reviews"""", """"hr_users"""", """"space_cities"""", """"count_user_group_everyday""""]"""
"982,""[""""space_comments_maintask"""", """"space_main_tasks"""", """"users"""", """"space_category_main_taks"""", """"space_catalogs"""", """"space_task_priority"""", """"ost_ticket_all"""", """"cities"""", """"space_responsible_first_comment"""", """"space_checklists"""", """"space_widgets_business"""", """"space_count_not_answer_mension"""", """"space_first_comment""""]"""
"983,""[""""sms_request"""", """"sms_senders"""", """"sms_request_cities"""", """"cities"""", """"sms_providers""""]"""
"984,""[""""payments"""", """"users""""]"""
"985,""[""""queue_log_681940"""", """"cdr_681940"""", """"users""""]"""
"986,""[""""slise_change_status_suspended_other"""", """"users"""", """"cities"""", """"objects""""]"""
"987,""[""""reallocation_states"""", """"reallocation_objects_attention_log"""", """"objects"""", """"users"""", """"reallocation_banned_users"""", """"objects_add_features_more"""", """"cities"""", """"ticket_object"""", """"group_by_comment_ticket""""]"""
"988,""[""""voronka_ticket_buyer_test"""", """"standards_on_applications""""]"""
"990,""[""""send_sms_for_verification"""", """"ost_ticket_all"""", """"users"""", """"cities"""", """"ost_ticket_types"""", """"objects"""", """"exist_clients"""", """"group_by_comment_ticket""""]"""
"991,""[""""ost_activities_goals"""", """"crm_stat_omni_messages_items"""", """"chats_archive"""", """"ost_ticket_all"""", """"users"""", """"calls_stat_omni_crm"""", """"accounts_accounts"""", """"messages_channels"""", """"cities""""]"""
"992,""[""""cloud_ats_clickhouse"""", """"for_project_151216_tickets_new_final"""", """"project_replace_phones_users""""]"""
"993,""[""""calls_hr_crm"""", """"users""""]"""
"994,""[""""space_main_tasks"""", """"users"""", """"space_catalogs"""", """"space_task_priority"""", """"space_task_fields_values""""]"""
"995,""[""""users"""", """"motivation_new""""]"""
"996,""[""""converse_cooperative_sell_incoming"""", """"converse_cooperative_buy_incoming"""", """"converse_cooperative_sell_outgoing"""", """"converse_cooperative_buy_outgoing""""]"""
"997,""[""""loan_ticket"""", """"hr_users"""", """"group_by_comment_ticket""""]"""
"998,""[""""motivation_users""""]"""
"999,""[""""live_talk_answer_chat"""", """"talk_name"""", """"users""""]"""
"1000,""[""""bi_google_uploads"""", """"users""""]"""
"1001,""[""""pokaz_kvartir_rieltor_moscow_conf""""]"""
"1002,""[""""pokaz_kvartir_rieltor_moscow_view_conf""""]"""
"1004,""[""""staff_turnover_2018_2019"""", """"slice_staff_turnover_2020_2021""""]"""
"1005,""[""""reports_view"""", """"hr_users"""", """"brief_views"""", """"dashboard_usage_stats"""", """"slice_count_group_type_users""""]"""
"1006,""[""""hr_users"""", """"params_moscow_user"""", """"other_params_moscow_user""""]"""
"1008,""[""""ost_ticket_all"""", """"mortgage_programs"""", """"programm_in_module_ikks"""", """"users"""", """"cities"""", """"mortgage_action_final""""]"""
"1011,""[""""plan_schedule_advance_transaction""""]"""
"1012,""[""""hewhouse_audit"""", """"newhouses_layouts""""]"""
"1013,""[""""managers_motivation_cache_month"""", """"users"""", """"cities"""", """"is_new_manager""""]"""
"1014,""[""""insurance_mango"""", """"ost_ticket_all"""", """"cities""""]"""
"1015,""[""""trunk_beeline_barnaul""""]"""
"1016,""[""""calls_ries_new_dialer"""", """"user_btc_call"""", """"users"""", """"for_project_151216_tickets_new_final""""]"""
"1017,""[""""carsharing""""]"""
"1018,""[""""asterisk_call_petrozavodsk""""]"""
"1019,""[""""acm_foto_voronezh"""", """"objects"""", """"users""""]"""
"1020,""[""""call_forwarding"""", """"pereadresa_ries""""]"""
"1021,""[""""uplexr_error"""", """"uplexr_uploads"""", """"cities"""", """"users"""", """"objects"""", """"uploads_cian_payments""""]"""
"1022,""[""""space_stages_hr_srm_route"""", """"space_comments"""", """"spase_logs_demands_close_date"""", """"space_crm_hr_tags""""]"""
"1023,""[""""space_stages_hr_srm_route""""]"""
"1024,""[""""count_active_flat_01_15_day"""", """"cities""""]"""
"1025,""[""""objects"""", """"change_objects_logs_video"""", """"users"""", """"cities"""", """"flats"""", """"objects_add_features_more"""", """"video_object""""]"""
"1026,""[""""ticket_care"""", """"exist_clients""""]"""
"1028,""[""""contract_direct_check_task"""", """"calc_cost_checks""""]"""
"1029,""[""""params_tyumen_cks_service""""]"""
"1031,""[""""reiting_broker""""]"""
"1032,""[""""bi_templates_stats"""", """"users""""]"""
"1033,""[""""auto_prepared_from_ries"""", """"objects"""", """"users"""", """"cities""""]"""
"1034,""[""""ch_mortgage_actions"""", """"ch_ost_ticket"""", """"ch_i_tickets_clients_needs"""", """"ch_i_clients_needs""""]"""
"1035,""[""""ost_deals_data"""", """"ost_ticket_all"""", """"users"""", """"exist_clients"""", """"leases"""", """"objects"""", """"cities"""", """"objects_address""""]"""
"1036,""[""""download_mob_app_user""""]"""
"1037,""[""""objects"""", """"uplexr_active_uploads"""", """"recommended_to_upload_add"""", """"users"""", """"uplexr_uploads"""", """"upl_premium_uplexr"""", """"objects_add_features_more"""", """"objects_address""""]"""
"1038,""[""""bi_notifications_stats""""]"""
"1039,""[""""bi_mailings_stats""""]"""
"1040,""[""""bi_downloads_stats""""]"""
"1041,""[""""acm_one_it_comment""""]"""
"1042,""[""""self_employed_reestr"""", """"ost_ticket_all"""", """"exist_clients"""", """"users"""", """"cities""""]"""
"1044,""[""""bi_worker_logs""""]"""
"1046,""[""""newhouses_changes_logs"""", """"newhouses"""", """"cities"""", """"users""""]"""
"1047,""[""""live_talk_answer_dialog_265"""", """"users""""]"""
"1048,""[""""excursion_schedule_rostov"""", """"excursion_schedule_khabarovsk""""]"""
"1050,""[""""users"""", """"chat_bot_kontur"""", """"chat_bot_kontur_price""""]"""
"1051,""[""""ost_ticket_all"""", """"ost_ticket_types"""", """"cities"""", """"slice_count_users_stazh_all_city_0_3""""]"""
"1052,""[""""required_fields_of_demand"""", """"ost_ticket_types"""", """"cities""""]"""
"1053,""[""""reallocation_setting""""]"""
"1054,""[""""reallocation_privileged_users""""]"""
"1055,""[""""cottages_active_objects_cslice"""", """"cities""""]"""
"1056,""[""""newcottages_active_objects_cslice""""]"""
"1057,""[""""berdsk_deals_registration"""", """"berdsk_deals_registration_2022""""]"""
"1058,""[""""voronka_ticket_buyer_test"""", """"standards_on_applications""""]"""
"1060,""[""""svod_pokazatelei_budjet""""]"""
"1061,""[""""svod_pokazatelei_pribul""""]"""
"1062,""[""""svod_pokazatelei_dolya_runka""""]"""
"1063,""[""""svod_pokazatelei_ticket_cost""""]"""
"1065,""[""""upload_portal_video"""", """"hr_users"""", """"documents_events""""]"""
"1067,""[""""cloud_pbx_beeline""""]"""
"1068,""[""""slice_mortgage_range_actions"""", """"users""""]"""
"1069,""[""""created_objects_from_2015"""", """"object_care_all"""", """"ticket_object"""", """"exist_clients"""", """"analitic_price"""", """"count_pokaz_object"""", """"bi_managers"""", """"all_obj"""", """"crm_purchaser"""", """"objects_address"""", """"deleted_object"""", """"first_deleted_date"""", """"object_ticket_ringing""""]"""
"1071,""[""""active_learning_cources_elements"""", """"webtutor_poll_result"""", """"webtutor_pool"""", """"users"""", """"e_offices""""]"""
"1072,""[""""cities"""", """"e_offices"""", """"params_online_instruments""""]"""
"1074,""[""""calls_to_menu""""]"""
"1081,""[""""ost_ticket_all"""", """"mortgage_online"""", """"cities"""", """"users""""]"""
"1082,""[""""hr_crm_call_out_new"""", """"users"""", """"space_candidates"""", """"space_hr_route_candidate"""", """"space_hr_hiring_tickets""""]"""
"1083,""[""""space_logs_status"""", """"space_main_tasks"""", """"users"""", """"space_category_main_taks"""", """"space_catalogs"""", """"space_task_priority"""", """"space_first_comment"""", """"traffic_lights""""]"""
"1084,""[""""calls_out_ries"""", """"rieltors_to_clients_phones"""", """"hr_users""""]"""
"1085,""[""""novosib_parser""""]"""
"1086,""[""""reallocation_ticket_states"""", """"reallocation_tickets_attention_log"""", """"ost_ticket_all"""", """"etapy_zayavok_v_srm"""", """"ost_ticket_types"""", """"users"""", """"reallocation_ticket_settings"""", """"cities"""", """"reallocation_ticket_privileged_users"""", """"reallocation_ticket_banned_users"""", """"ost_ticket_additional_fields""""]"""
"1087,""[""""calls_empty_city"""", """"rieltors_to_clients_phones_2021""""]"""
"1088,""[""""space_logs_status"""", """"space_main_tasks"""", """"users"""", """"space_category_main_taks"""", """"space_catalogs"""", """"space_task_priority"""", """"traffic_lights"""", """"space_technical_support_categories"""", """"space_technical_support_service""""]"""
"1089,""[""""calls_empty_city"""", """"users""""]"""
"1090,""[""""rieltors_to_clients_phones_2021"""", """"users"""", """"calls_empty_city""""]"""
"1091,""[""""message_logs"""", """"hr_users"""", """"space_notifications_types_catalog"""", """"space_notifications_system_types_catalog""""]"""
"1092,""[""""reviews_samara"""", """"reviews_rostov_na_donu"""", """"reviews_voskresensk"""", """"reviews_alekseevka""""]"""
"1094,""[""""yandex_metrica""""]"""
"1095,""[""""reiting_kaliningrad""""]"""
"1096,""[""""online_rating_reviews""""]"""
"1097,""[""""space_main_tasks"""", """"users"""", """"space_checklists_users"""", """"space_category_main_taks"""", """"space_catalogs"""", """"space_history""""]"""
"1098,""[""""pritenzii_analitika"""", """"hr_users""""]"""
"1099,""[""""blagodarnosti_analitika"""", """"hr_users""""]"""
"1101,""[""""dolya_povtornih_clientov"""", """"reiting_na_otzovikah"""", """"svod_pokazatelei_dlya_dashboard_po_metri""""]"""
"1102,""[""""berdsk_deals_commission""""]"""
"1103,""[""""take_to_work_btn"""", """"live_talk_answer_dialog_116"""", """"users"""", """"statistic_call_asterisk"""", """"calls_filials_new"""", """"for_project_151216_tickets_new_final"""", """"podborka_ticket_date""""]"""
"1104,""[""""call_forwarding"""", """"phones_replace_site"""", """"users""""]"""
"1105,""[""""autodraw_stats"""", """"created_objects_from_2015""""]"""
"1107,""[""""other_agencies_and_rieltor""""]"""
"1108,""[""""ch_voronka_ticket_buyer"""", """"ch_space_main_tasks"""", """"ch_ost_ticket_message"""", """"ch_hr_users""""]"""
"1110,""[""""calls_to_menu_moskow""""]"""
"1111,""[""""ch_pokaz_ries_mobile"""", """"ch_count_users_stazh_all_city"""", """"ch_ries_manager_stats_days"""", """"ch_users"""", """"ch_count_users_by_city_slice2_all"""", """"ch_cnt_users_of_experience"""", """"ch_managers_exclusion"""", """"ch_rieltors_count_group""""]"""
"1112,""[""""autodraw_google_test""""]"""
"1113,""[""""exist_clients"""", """"client_user_info"""", """"click_house_hits_lk"""", """"client_ticket"""", """"ost_ticket_all"""", """"ost_ticket_types"""", """"hr_users"""", """"cities"""", """"lk_survey_result_documents"""", """"login_lk_new_group_phone"""", """"lk_clients""""]"""
"1114,""[""""live_talk_answer_dialog_274"""", """"hr_users""""]"""
"1115,""[""""booking_notifications"""", """"hr_users"""", """"exist_clients"""", """"exist_objects"""", """"builders"""", """"newhouses"""", """"newcomplex""""]"""
"1116,""[""""ch_object_care_all""""]"""
"1117,""[""""ch_ticket_care_all""""]"""
"1118,""[""""ch_deals_new"""", """"ch_traffic_lights"""", """"ch_converse_deposit"""", """"ch_count_user_stazh_in_city""""]"""
"1119,""[""""ch_tickets_for_232"""", """"ch_ries_manager_stats_days"""", """"ch_users"""", """"ch_count_users_stazh_all_city"""", """"ch_count_users_by_city_slice2_all"""", """"ch_hr_users""""]"""
"1120,""[""""meeting_registration_ries"""", """"hr_users""""]"""
"1122,""[""""count_source_update_time""""]"""
"1123,""[""""ch_use_of_reports""""]"""
"1125,""[""""rent_phone""""]"""
"1126,""[""""vats_beeline""""]"""
"1127,""[""""vats_mts""""]"""
"1129,""[""""bi_worker_logs""""]"""
"1130,""[""""fields_for_calculating_sale_conversion""""]"""
"1132,""[""""ch_converse_deposit""""]"""
"1133,""[""""realtors_surveys"""", """"survey_ticket_relation"""", """"ost_ticket_all"""", """"cities"""", """"hr_users""""]"""
"1134,""[""""space_fiscal_checks"""", """"pe_companies_all"""", """"cities""""]"""
"1135,""[""""hits_logs_clickhouse""""]"""
"1139,""[""""space_stages_hr_srm_route"""", """"space_comments"""", """"spase_logs_demands_close_date"""", """"space_crm_hr_tags""""]"""
"1140,""[""""calls_incoming_number""""]"""
"1141,""[""""project374_user_chislennost_srez"""", """"project374_users_stazh_uvoleno_srez""""]"""
"1142,""[""""google_uploads_logs""""]"""
"1143,""[""""ch_users""""]"""
"1144,""[""""data_fin"""", """"data_fin_details""""]"""
"1145,""[""""bi_reports_uploads"""", """"hr_users"""", """"hr_users_additional_field""""]"""
"1146,""[""""requests_logs_resume"""", """"space_crm_hr_resumes"""", """"users"""", """"space_candidates""""]"""
"1147,""[""""omni_teg""""]"""
"1148,""[""""logs_activity_send_collection_in_messeng"""", """"hr_users""""]"""
"1149,""[""""motivation_incidents""""]"""
"1150,""[""""diff_objects_all_fields"""", """"diff_ost_ticket"""", """"diff_exist_clients"""", """"ch_leases"""", """"ch_deleted_object"""", """"ch_count_user_in_rop"""", """"ch_count_users_stazh_all_city"""", """"ch_count_users_by_city_slice2_all"""", """"ch_hr_users"""", """"ch_managers_exclusion"""", """"diff_ries_manager_stats_days"""", """"ch_users"""", """"ch_ticket_crm_funds"""", """"ch_core_base"""", """"ch_pokaz_ries_mobile"""", """"ch_users_slice_new""""]"""
"1152,""[""""aggregator_calls"""", """"uplexr_uploads"""", """"cities"""", """"e_offices_group""""]"""
"1153,""[""""space_comments_maintask"""", """"space_task_project_office"""", """"users"""", """"space_catalogs"""", """"google_respons_project_maintask"""", """"space_history_ticket_log"""", """"space_logs_status""""]"""
"1154,""[""""planning_planning"""", """"hr_users"""", """"cities""""]"""
"1155,""[""""ch_users""""]"""
"1156,""[""""ch_users""""]"""
"1157,""[""""vacation_logs"""", """"traffic_lights"""", """"users_log"""", """"hr_users"""", """"hr_users_additional_field"""", """"positions_and_departments""""]"""
"1172,""[""""echat"""", """"echat_users"""", """"ost_ticket_all"""", """"ost_ticket_types"""", """"hr_users"""", """"cities""""]"""
"1174,""[""""motivation_moskva_salaries""""]"""
"1175,""[""""live_talk_answer_dialog_290"""", """"hr_users""""]"""